{
  "u8 decode": 3.0134766700211912,
  "u16 decode": 2.990165625087684,
  "u32 decode": 3.1141841650241986,
  "u64 decode": 3.087959164986387,
  "u128 decode": 2.9127764601435047,
  "Compact<u32> decode": 9.593898335006088,
  "bool decode": 2.928629164962331,
  "H256 decode": 2.9302689600444864,
  "AccountId decode (SS58 format 42)": 11.445530829951167,
  "Str decode": 12.888664585043443,
  "(u32, u64, bool) decode": 21.959667500050273,
  "u32 encode": 2.344952290004585,
  "u64 encode": 2.3251356249966193,
  "Compact<u32> encode": 8.85088770504808,
  "H256 encode": 2.467432500125142,
  "Vec<u32> decode (64 elements)": 224.19951874908293,
  "Vec<u32> decode (1,024 elements)": 3217.316958500305,
  "Vec<u32> decode (16,384 elements)": 50396.95292012766,
  "Bytes decode (1 KB)": 14.670327051135246,
  "Bytes decode (64 KB)": 64.1534180031158,
  "Bytes decode (512 KB)": 379.99167980160564,
  "Vec<EventRecord> decode (5 events, V10)": 301.09556250681635,
  "MetadataVersioned decode (V10, 85 KB)": 64958.82780000102,
  "MetadataVersioned decode (V13, 219 KB)": 143029.98749772087,
  "MetadataVersioned decode (V14, 300 KB)": 390902.3415995762,
  "Bittensor metadata + portable registry (254 KB)": 443089.47200382437,
  "batch_decode AccountId \u00d710": 116.65789249993395,
  "batch_decode AccountId \u00d7100": 1159.4693750026636,
  "batch_decode AccountId \u00d71,000": 11530.593584000599,
  "batch_decode mixed (AccountId/u32/u128) \u00d7100": 599.7315915999934
}